id	db_name	table_name	column_name	column_type	nullable	url	note	versions	license	license_url	attribution
bef4c557b3806ad6	mysql	administrable_role_authorizations	grantee	VARCHAR	true			8.0			
b6a47b6d0ec694cd	mysql	administrable_role_authorizations	grantee_host	VARCHAR	true			8.0			
60e8c1cbccdc2ac1	mysql	administrable_role_authorizations	host	VARCHAR	true			8.0			
84dca16510c07457	mysql	administrable_role_authorizations	is_default	VARCHAR	true			8.0			
064832a3b71c565e	mysql	administrable_role_authorizations	is_grantable	VARCHAR	false			8.0			
2c868d75394766ca	mysql	administrable_role_authorizations	is_mandatory	VARCHAR	false			8.0			
8ff1f332b4ebed52	mysql	administrable_role_authorizations	role_host	VARCHAR	true			8.0			
c93d604168cf0725	mysql	administrable_role_authorizations	role_name	VARCHAR	true			8.0			
6587ffe14fb2b881	mysql	administrable_role_authorizations	user	VARCHAR	true			8.0			
3f9b65ffb803886e	mysql	applicable_roles	grantee	VARCHAR	true			8.0			
0dc690f85a12d9d4	mysql	applicable_roles	grantee_host	VARCHAR	true			8.0			
ba5cb12500099454	mysql	applicable_roles	host	VARCHAR	true			8.0			
ae3f767966599d0b	mysql	applicable_roles	is_default	VARCHAR	true			8.0			
f839a9422d421ab0	mysql	applicable_roles	is_grantable	VARCHAR	false			8.0			
7f4a98d1586e493a	mysql	applicable_roles	is_mandatory	VARCHAR	false			8.0			
1740e3b0c0794027	mysql	applicable_roles	role_host	VARCHAR	true			8.0			
f9b2fe88187b1600	mysql	applicable_roles	role_name	VARCHAR	true			8.0			
e05c5042c0bb7e39	mysql	applicable_roles	user	VARCHAR	true			8.0			
18117dcc53db4565	mysql	character_sets	character_set_name	VARCHAR	false			8.0,5.7			
a7b603b05ba6e4d3	mysql	character_sets	default_collate_name	VARCHAR	false			8.0,5.7			
528258e34efe6856	mysql	character_sets	description	VARCHAR	false			8.0,5.7			
86d9122972644a19	mysql	character_sets	maxlen	BIGINT	false			5.7,8.0			
98a0ba950b0ecffa	mysql	check_constraints	check_clause	LONGTEXT	false			8.0			
bc8b368fb82194cd	mysql	check_constraints	constraint_catalog	VARCHAR	false			8.0			
d95f3022f30bfa0f	mysql	check_constraints	constraint_name	VARCHAR	false			8.0			
7fa1ea82a226d4f1	mysql	check_constraints	constraint_schema	VARCHAR	false			8.0			
79f035b2743a5958	mysql	collation_character_set_applicability	character_set_name	VARCHAR	false			8.0,5.7			
c4af9e80ad118eba	mysql	collation_character_set_applicability	collation_name	VARCHAR	false			8.0,5.7			
d9934f2bf96e66eb	mysql	collations	character_set_name	VARCHAR	false			8.0,5.7			
697167ce702513ed	mysql	collations	collation_name	VARCHAR	false			8.0,5.7			
35887fbc5f559d45	mysql	collations	id	BIGINT	false			8.0,5.7			
75690516e290d29d	mysql	collations	is_compiled	VARCHAR	false			8.0,5.7			
bf3e690457313b0b	mysql	collations	is_default	VARCHAR	false			8.0,5.7			
5441d5dfc6796a42	mysql	collations	pad_attribute	ENUM	false			8.0			
88864b26dfcff87a	mysql	collations	sortlen	BIGINT	false			5.7,8.0			
482377324c02146e	mysql	column_privileges	column_name	VARCHAR	false			8.0,5.7			
c4b22b7c4d93ac91	mysql	column_privileges	grantee	VARCHAR	false			8.0,5.7			
aa69b9fcaa2d5c99	mysql	column_privileges	is_grantable	VARCHAR	false			8.0,5.7			
c3330230dece7dfe	mysql	column_privileges	privilege_type	VARCHAR	false			8.0,5.7			
fb3989af76bef39f	mysql	column_privileges	table_catalog	VARCHAR	false			8.0,5.7			
e0d352eb4a900cf5	mysql	column_privileges	table_name	VARCHAR	false			8.0,5.7			
3c54c9985db7bc05	mysql	column_privileges	table_schema	VARCHAR	false			8.0,5.7			
b7c8121553bef254	mysql	column_statistics	column_name	VARCHAR	false			8.0			
70bbdd7093cee15e	mysql	column_statistics	histogram	JSON	false			8.0			
ada97d9dcdadb188	mysql	column_statistics	schema_name	VARCHAR	false			8.0			
7fb877278fe5025c	mysql	column_statistics	table_name	VARCHAR	false			8.0			
08897204c4baa246	mysql	columns	character_maximum_length	BIGINT	true			8.0,5.7			
d628a8465fd17c9e	mysql	columns	character_octet_length	BIGINT	true			8.0,5.7			
9cdc2e668c15e641	mysql	columns	character_set_name	VARCHAR	true			8.0,5.7			
ee1e9ae8ca4e8abf	mysql	columns	collation_name	VARCHAR	true			8.0,5.7			
99e301105c180420	mysql	columns	column_comment	TEXT	false			8.0,5.7			
841ee87a244885b1	mysql	columns	column_default	LONGTEXT	true			5.7,8.0			
3ab1becf60f44ad7	mysql	columns	column_key	ENUM	false			8.0,5.7			
6317ed4408560997	mysql	columns	column_name	VARCHAR	false			5.7			
572eb43378be8389	mysql	columns	column_name	VARCHAR	true			8.0			
707bc173b36ea383	mysql	columns	column_type	LONGTEXT	false			5.7,8.0			
a25cb1f9443b8751	mysql	columns	data_type	VARCHAR	false			5.7			
954cdda32e6972ed	mysql	columns	data_type	LONGTEXT	true			8.0			
b4e362191c440d89	mysql	columns	datetime_precision	BIGINT	true			5.7,8.0			
b6a2006458cc74e0	mysql	columns	extra	VARCHAR	false			5.7			
427463c63c707f58	mysql	columns	extra	VARCHAR	true			8.0			
d251ed09c8ea91b9	mysql	columns	generation_expression	LONGTEXT	false			8.0,5.7			
9b46d3d0c7350d2b	mysql	columns	is_nullable	VARCHAR	false			8.0,5.7			
54b5fd6bab2dc7c9	mysql	columns	numeric_precision	BIGINT	true			8.0,5.7			
0fc1de924923f2de	mysql	columns	numeric_scale	BIGINT	true			8.0,5.7			
fe4f7d53a1c755e0	mysql	columns	ordinal_position	BIGINT	false			5.7,8.0			
6d6ec6df42c28919	mysql	columns	privileges	VARCHAR	false			5.7			
016623e09cf156fb	mysql	columns	privileges	VARCHAR	true			8.0			
f3a6cc17d2c9aec5	mysql	columns	srs_id	INT	true			8.0			
9be337e0baf3e6ba	mysql	columns	table_catalog	VARCHAR	false			8.0,5.7			
dbba403a67330920	mysql	columns	table_name	VARCHAR	false			8.0,5.7			
5ececb6112d7c425	mysql	columns	table_schema	VARCHAR	false			8.0,5.7			
8a041872edc58149	mysql	columns_extensions	column_name	VARCHAR	true			8.0			
58477564a3b57fe6	mysql	columns_extensions	engine_attribute	JSON	true			8.0			
3f415ed47b1f681e	mysql	columns_extensions	secondary_engine_attribute	JSON	true			8.0			
aefe38e20dbc2043	mysql	columns_extensions	table_catalog	VARCHAR	false			8.0			
e86835c5feb68e92	mysql	columns_extensions	table_name	VARCHAR	false			8.0			
d6f57b213079b87e	mysql	columns_extensions	table_schema	VARCHAR	false			8.0			
201d418ac9e96828	mysql	enabled_roles	is_default	VARCHAR	true			8.0			
947e1452c6cd7489	mysql	enabled_roles	is_mandatory	VARCHAR	false			8.0			
935842ad9e5d0ff5	mysql	enabled_roles	role_host	VARCHAR	true			8.0			
7f04cef56f13d074	mysql	enabled_roles	role_name	VARCHAR	true			8.0			
2068b925a5a20ac6	mysql	engines	comment	VARCHAR	false			8.0,5.7			
0f9d3eae881e7d70	mysql	engines	engine	VARCHAR	false			8.0,5.7			
81c08ca38879eee1	mysql	engines	savepoints	VARCHAR	true			8.0,5.7			
256a068e30708599	mysql	engines	support	VARCHAR	false			8.0,5.7			
0e81c083c0367edd	mysql	engines	transactions	VARCHAR	true			8.0,5.7			
48e44f985f168a7a	mysql	engines	xa	VARCHAR	true			8.0,5.7			
2b16745078fded43	mysql	events	character_set_client	VARCHAR	false			8.0,5.7			
f03007c1b2e7e276	mysql	events	collation_connection	VARCHAR	false			8.0,5.7			
c01e2d43fb348f5a	mysql	events	created	DATETIME	false			5.7,8.0			
3a66957621913463	mysql	events	database_collation	VARCHAR	false			8.0,5.7			
2a2c68754eb79cdc	mysql	events	definer	VARCHAR	false			8.0,5.7			
216c04488e0842b7	mysql	events	ends	DATETIME	true			8.0,5.7			
48adc31f246dcecd	mysql	events	event_body	VARCHAR	false			8.0,5.7			
c3f8b2859c442eec	mysql	events	event_catalog	VARCHAR	false			8.0,5.7			
292144ae6650441a	mysql	events	event_comment	VARCHAR	false			8.0,5.7			
ecf040f5312f3222	mysql	events	event_definition	LONGTEXT	false			8.0,5.7			
2dc4d66e10a9a75a	mysql	events	event_name	VARCHAR	false			8.0,5.7			
03f4e2a1c6bc034a	mysql	events	event_schema	VARCHAR	false			8.0,5.7			
a7c17b9620036552	mysql	events	event_type	VARCHAR	false			8.0,5.7			
20f5d649e4f63731	mysql	events	execute_at	DATETIME	true			8.0,5.7			
9aaeeef957c9b6a8	mysql	events	interval_field	ENUM	true			8.0,5.7			
b7f74075557281a3	mysql	events	interval_value	VARCHAR	true			8.0,5.7			
9afaa21092838c97	mysql	events	last_altered	DATETIME	false			5.7,8.0			
53911dc3728936e5	mysql	events	last_executed	DATETIME	true			8.0,5.7			
69747edcafaa95ef	mysql	events	on_completion	VARCHAR	false			8.0,5.7			
7e8868b2eae072f6	mysql	events	originator	BIGINT	false			5.7,8.0			
13bb1e16893de0ef	mysql	events	sql_mode	SET	false			8.0,5.7			
973e40737d6dd5b2	mysql	events	starts	DATETIME	true			8.0,5.7			
3ad77e052e75ba1c	mysql	events	status	ENUM	false			8.0,5.7			
f5e22816c80d66c9	mysql	events	time_zone	VARCHAR	false			8.0,5.7			
431c32045475cf50	mysql	files	autoextend_size	BIGINT	true			8.0,5.7			
45fd2bb35a04dd76	mysql	files	avg_row_length	BIGINT	true			5.7,8.0			
3c68bb9357e17a1a	mysql	files	check_time	BINARY	true			8.0,5.7			
cfbf37d050b306bb	mysql	files	checksum	BIGINT	true			5.7,8.0			
9ba1dfabd1f6e48a	mysql	files	create_time	BINARY	true			8.0,5.7			
8ffda698b33d09b8	mysql	files	creation_time	BINARY	true			8.0,5.7			
52778894c696e4e0	mysql	files	data_free	BIGINT	true			8.0,5.7			
55188faecc9a8d0e	mysql	files	data_length	BIGINT	true			5.7,8.0			
05398ae1863d9903	mysql	files	deleted_rows	BIGINT	true			5.7,8.0			
7d86cb159db5504a	mysql	files	engine	VARCHAR	false			8.0,5.7			
6832b54971f16d2b	mysql	files	extent_size	BIGINT	false			5.7			
ed4042eb344245de	mysql	files	extent_size	BIGINT	true			8.0			
4967bcebef03920f	mysql	files	extra	VARCHAR	true			8.0,5.7			
b1792c000b1bd45a	mysql	files	file_id	BIGINT	false			5.7			
6eabd34a25d2be20	mysql	files	file_id	BIGINT	true			8.0			
c00935420b0fcc7c	mysql	files	file_name	TEXT	true			8.0,5.7			
cbb821c418801c94	mysql	files	file_type	VARCHAR	false			5.7			
1a1140094128509f	mysql	files	file_type	VARCHAR	true			8.0			
9cc767790f75c71e	mysql	files	free_extents	BIGINT	true			8.0,5.7			
7d538198cb48c688	mysql	files	fulltext_keys	BINARY	true			8.0,5.7			
8ea1a1b1147a01a8	mysql	files	index_length	BIGINT	true			5.7,8.0			
e04ce5efb80bbf39	mysql	files	initial_size	BIGINT	true			8.0,5.7			
06ad06e7c8b0101f	mysql	files	last_access_time	BINARY	true			8.0,5.7			
b5cb77ae69a8e813	mysql	files	last_update_time	BINARY	true			8.0,5.7			
8b2dd883bad3391a	mysql	files	logfile_group_name	VARCHAR	true			8.0,5.7			
c0826a35ec0bb045	mysql	files	logfile_group_number	BIGINT	true			8.0,5.7			
f62d5c5efe3b6bb4	mysql	files	max_data_length	BIGINT	true			5.7,8.0			
468fcf88565b02f2	mysql	files	maximum_size	BIGINT	true			8.0,5.7			
e5604cc62a4b19c7	mysql	files	recover_time	BIGINT	true			5.7,8.0			
47dac33e7a9998cc	mysql	files	row_format	VARCHAR	true			8.0,5.7			
2c1aedce99deeea1	mysql	files	status	VARCHAR	false			5.7			
45e421e916e620ff	mysql	files	status	VARCHAR	true			8.0			
3e2627fea5fdb584	mysql	files	table_catalog	CHAR	false			8.0,5.7			
2a6a8bbcba3aed1b	mysql	files	table_name	BINARY	true			8.0,5.7			
6eb804c776d51e00	mysql	files	table_rows	BIGINT	true			5.7,8.0			
af77ce43c122289c	mysql	files	table_schema	BINARY	true			8.0,5.7			
9f4025a50579d851	mysql	files	tablespace_name	VARCHAR	false			8.0			
694bcfc73c706fae	mysql	files	tablespace_name	VARCHAR	true			5.7			
4dbe159f277aac3c	mysql	files	total_extents	BIGINT	true			8.0,5.7			
e29bae1da7135529	mysql	files	transaction_counter	BIGINT	true			5.7,8.0			
19498d71befd8d29	mysql	files	update_count	BIGINT	true			5.7,8.0			
d2f0555e1db7332d	mysql	files	update_time	BINARY	true			8.0,5.7			
01c463159c69eb90	mysql	files	version	BIGINT	true			8.0,5.7			
5f4345cb127fc4a0	mysql	global_status	variable_name	VARCHAR	false			5.7			
cab3bc690d346adf	mysql	global_status	variable_value	VARCHAR	true			5.7			
f8af5bc7b0557a70	mysql	global_variables	variable_name	VARCHAR	false			5.7			
033cdb0d31191ba6	mysql	global_variables	variable_value	VARCHAR	true			5.7			
aa663e9d707b8f8d	mysql	innodb_buffer_page	access_time	BIGINT	false			8.0,5.7			
956804cb9dc7c7b8	mysql	innodb_buffer_page	block_id	BIGINT	false			8.0,5.7			
65ec2ecd5b3c1439	mysql	innodb_buffer_page	compressed_size	BIGINT	false			8.0,5.7			
8eb85e1838563dd0	mysql	innodb_buffer_page	data_size	BIGINT	false			8.0,5.7			
bf345c48f57f83f5	mysql	innodb_buffer_page	fix_count	BIGINT	false			8.0,5.7			
5b7f48fcd638500c	mysql	innodb_buffer_page	flush_type	BIGINT	false			8.0,5.7			
29608e162e1262da	mysql	innodb_buffer_page	free_page_clock	BIGINT	false			8.0,5.7			
c306d110f6f299bb	mysql	innodb_buffer_page	index_name	VARCHAR	true			8.0,5.7			
6cc8544a8fa3a580	mysql	innodb_buffer_page	io_fix	VARCHAR	true			8.0,5.7			
d207131a883993e7	mysql	innodb_buffer_page	is_hashed	VARCHAR	true			8.0,5.7			
bb1f08e398ff304b	mysql	innodb_buffer_page	is_old	VARCHAR	true			8.0,5.7			
53057f08ed64a45e	mysql	innodb_buffer_page	is_stale	VARCHAR	true			8.0			
a324726aed3b3a5a	mysql	innodb_buffer_page	newest_modification	BIGINT	false			8.0,5.7			
9a7d0d80d3bb6bd9	mysql	innodb_buffer_page	number_records	BIGINT	false			8.0,5.7			
b57d5710c608dde0	mysql	innodb_buffer_page	oldest_modification	BIGINT	false			8.0,5.7			
7498adbce8278665	mysql	innodb_buffer_page	page_number	BIGINT	false			8.0,5.7			
59da9800a0782420	mysql	innodb_buffer_page	page_state	VARCHAR	true			8.0,5.7			
971d9df3a02023c6	mysql	innodb_buffer_page	page_type	VARCHAR	true			8.0,5.7			
6d435b085f5e5558	mysql	innodb_buffer_page	pool_id	BIGINT	false			8.0,5.7			
a10da26239d42ca1	mysql	innodb_buffer_page	space	BIGINT	false			8.0,5.7			
cf73ae8e44c5f517	mysql	innodb_buffer_page	table_name	VARCHAR	true			8.0,5.7			
a0cf73418a743cb7	mysql	innodb_buffer_page_lru	access_time	BIGINT	false			8.0,5.7			
5b14272b5754015f	mysql	innodb_buffer_page_lru	compressed	VARCHAR	true			8.0,5.7			
c1ade89b0a9d3bb6	mysql	innodb_buffer_page_lru	compressed_size	BIGINT	false			8.0,5.7			
6e28fc54e4b67b91	mysql	innodb_buffer_page_lru	data_size	BIGINT	false			8.0,5.7			
197b6d7910aa7149	mysql	innodb_buffer_page_lru	fix_count	BIGINT	false			8.0,5.7			
ad2f5724ec7ba029	mysql	innodb_buffer_page_lru	flush_type	BIGINT	false			8.0,5.7			
8a0fc0b7ed959f12	mysql	innodb_buffer_page_lru	free_page_clock	BIGINT	false			8.0,5.7			
04da3faa67dce626	mysql	innodb_buffer_page_lru	index_name	VARCHAR	true			8.0,5.7			
27e43076c062a0fc	mysql	innodb_buffer_page_lru	io_fix	VARCHAR	true			8.0,5.7			
406e23dd8dfc2f99	mysql	innodb_buffer_page_lru	is_hashed	VARCHAR	true			8.0,5.7			
ef93b94d431fe7e4	mysql	innodb_buffer_page_lru	is_old	VARCHAR	true			8.0,5.7			
b51e9b62770b496d	mysql	innodb_buffer_page_lru	lru_position	BIGINT	false			8.0,5.7			
59f5daad1cdd7199	mysql	innodb_buffer_page_lru	newest_modification	BIGINT	false			8.0,5.7			
9f2e7a1f0da19ea0	mysql	innodb_buffer_page_lru	number_records	BIGINT	false			8.0,5.7			
c3b78217210dab44	mysql	innodb_buffer_page_lru	oldest_modification	BIGINT	false			8.0,5.7			
334863a4a7c410e0	mysql	innodb_buffer_page_lru	page_number	BIGINT	false			8.0,5.7			
49cefdc72869f410	mysql	innodb_buffer_page_lru	page_type	VARCHAR	true			8.0,5.7			
d21a20fd5b0fcb1a	mysql	innodb_buffer_page_lru	pool_id	BIGINT	false			8.0,5.7			
6516aa093d5194c0	mysql	innodb_buffer_page_lru	space	BIGINT	false			8.0,5.7			
0dc778215a0e8695	mysql	innodb_buffer_page_lru	table_name	VARCHAR	true			8.0,5.7			
ed2737f00af1497b	mysql	innodb_buffer_pool_stats	database_pages	BIGINT	false			8.0,5.7			
cfd42ada801902be	mysql	innodb_buffer_pool_stats	free_buffers	BIGINT	false			8.0,5.7			
b482a4485f191537	mysql	innodb_buffer_pool_stats	hit_rate	BIGINT	false			8.0,5.7			
b8881e9aee72eaa1	mysql	innodb_buffer_pool_stats	lru_io_current	BIGINT	false			8.0,5.7			
11d6b6d66e4389f1	mysql	innodb_buffer_pool_stats	lru_io_total	BIGINT	false			8.0,5.7			
06ed6ba9b09a90c3	mysql	innodb_buffer_pool_stats	modified_database_pages	BIGINT	false			8.0,5.7			
26c4c60ee1802304	mysql	innodb_buffer_pool_stats	not_young_make_per_thousand_gets	BIGINT	false			8.0,5.7			
482aec74a21be3b8	mysql	innodb_buffer_pool_stats	number_pages_created	BIGINT	false			8.0,5.7			
c6243372d7834a7f	mysql	innodb_buffer_pool_stats	number_pages_get	BIGINT	false			8.0,5.7			
71dd70b68c660eac	mysql	innodb_buffer_pool_stats	number_pages_read	BIGINT	false			8.0,5.7			
bd16e33a0dc63144	mysql	innodb_buffer_pool_stats	number_pages_read_ahead	BIGINT	false			8.0,5.7			
b0e554f646bded21	mysql	innodb_buffer_pool_stats	number_pages_written	BIGINT	false			8.0,5.7			
22fd04f60e2dc072	mysql	innodb_buffer_pool_stats	number_read_ahead_evicted	BIGINT	false			8.0,5.7			
72e78caa0957844f	mysql	innodb_buffer_pool_stats	old_database_pages	BIGINT	false			8.0,5.7			
389e8fcd4995b9cf	mysql	innodb_buffer_pool_stats	pages_create_rate	DOUBLE	false			5.7,8.0			
577248c086553db2	mysql	innodb_buffer_pool_stats	pages_made_not_young_rate	DOUBLE	false			5.7,8.0			
d764122ba734e73b	mysql	innodb_buffer_pool_stats	pages_made_young	BIGINT	false			8.0,5.7			
ab66a2dc0dbab270	mysql	innodb_buffer_pool_stats	pages_made_young_rate	DOUBLE	false			5.7,8.0			
7413c14c2736bf8c	mysql	innodb_buffer_pool_stats	pages_not_made_young	BIGINT	false			8.0,5.7			
048c87bdde630919	mysql	innodb_buffer_pool_stats	pages_read_rate	DOUBLE	false			5.7,8.0			
97dbdac481516f69	mysql	innodb_buffer_pool_stats	pages_written_rate	DOUBLE	false			5.7,8.0			
1b00c7590c1cea01	mysql	innodb_buffer_pool_stats	pending_decompress	BIGINT	false			8.0,5.7			
e168304b1556dca5	mysql	innodb_buffer_pool_stats	pending_flush_list	BIGINT	false			8.0,5.7			
40420f58b9a45d23	mysql	innodb_buffer_pool_stats	pending_flush_lru	BIGINT	false			8.0,5.7			
1d0dc37383db8485	mysql	innodb_buffer_pool_stats	pending_reads	BIGINT	false			8.0,5.7			
2c1cb967263f3675	mysql	innodb_buffer_pool_stats	pool_id	BIGINT	false			8.0,5.7			
6baec92d451e30e7	mysql	innodb_buffer_pool_stats	pool_size	BIGINT	false			8.0,5.7			
6b345a26330fae77	mysql	innodb_buffer_pool_stats	read_ahead_evicted_rate	DOUBLE	false			5.7,8.0			
0805a95198839071	mysql	innodb_buffer_pool_stats	read_ahead_rate	DOUBLE	false			5.7,8.0			
897e21fd050e1d84	mysql	innodb_buffer_pool_stats	uncompress_current	BIGINT	false			8.0,5.7			
6aba7ea739bab512	mysql	innodb_buffer_pool_stats	uncompress_total	BIGINT	false			8.0,5.7			
a13bc8e6ea3368e3	mysql	innodb_buffer_pool_stats	young_make_per_thousand_gets	BIGINT	false			8.0,5.7			
9c3badee82896c57	mysql	innodb_cached_indexes	index_id	BIGINT	false			8.0			
4664423cc981d78c	mysql	innodb_cached_indexes	n_cached_pages	BIGINT	false			8.0			
e0f95205a164f0c4	mysql	innodb_cached_indexes	space_id	INT	false			8.0			
6523a85dc3f4a751	mysql	innodb_cmp	compress_ops	INT	false			8.0,5.7			
7d21b8a8cf546c06	mysql	innodb_cmp	compress_ops_ok	INT	false			8.0,5.7			
c3f30738a16d2796	mysql	innodb_cmp	compress_time	INT	false			8.0,5.7			
029f42497951262f	mysql	innodb_cmp	page_size	INT	false			8.0,5.7			
ded78acec45f140a	mysql	innodb_cmp	uncompress_ops	INT	false			8.0,5.7			
a546a6fd29a3c929	mysql	innodb_cmp	uncompress_time	INT	false			8.0,5.7			
309bd7f40fa70c11	mysql	innodb_cmp_per_index	compress_ops	INT	false			8.0,5.7			
826e425024eced70	mysql	innodb_cmp_per_index	compress_ops_ok	INT	false			8.0,5.7			
53b8d6bff4c558d9	mysql	innodb_cmp_per_index	compress_time	INT	false			8.0,5.7			
f59e9b38507daf48	mysql	innodb_cmp_per_index	database_name	VARCHAR	false			8.0,5.7			
a37ab4944a691bd2	mysql	innodb_cmp_per_index	index_name	VARCHAR	false			8.0,5.7			
32d6de0955a5e4ff	mysql	innodb_cmp_per_index	table_name	VARCHAR	false			8.0,5.7			
039e718f8081a03b	mysql	innodb_cmp_per_index	uncompress_ops	INT	false			8.0,5.7			
f6cd3f16ba139268	mysql	innodb_cmp_per_index	uncompress_time	INT	false			8.0,5.7			
7752f195d61dab26	mysql	innodb_cmp_per_index_reset	compress_ops	INT	false			8.0,5.7			
d78185fcc9e5d672	mysql	innodb_cmp_per_index_reset	compress_ops_ok	INT	false			8.0,5.7			
75f6e109e62e4842	mysql	innodb_cmp_per_index_reset	compress_time	INT	false			8.0,5.7			
fce84584911f8d6b	mysql	innodb_cmp_per_index_reset	database_name	VARCHAR	false			8.0,5.7			
81c5eb580f61ac72	mysql	innodb_cmp_per_index_reset	index_name	VARCHAR	false			8.0,5.7			
c52b8f60b7ec3c05	mysql	innodb_cmp_per_index_reset	table_name	VARCHAR	false			8.0,5.7			
e3eab4ec809dc902	mysql	innodb_cmp_per_index_reset	uncompress_ops	INT	false			8.0,5.7			
b04e3f46f1c449b7	mysql	innodb_cmp_per_index_reset	uncompress_time	INT	false			8.0,5.7			
ae2bdc2405655849	mysql	innodb_cmp_reset	compress_ops	INT	false			8.0,5.7			
61a3b8c9eddb1756	mysql	innodb_cmp_reset	compress_ops_ok	INT	false			8.0,5.7			
22afe52a7485773e	mysql	innodb_cmp_reset	compress_time	INT	false			8.0,5.7			
4f4fd722ed4a51d2	mysql	innodb_cmp_reset	page_size	INT	false			8.0,5.7			
9107f15d9befd808	mysql	innodb_cmp_reset	uncompress_ops	INT	false			8.0,5.7			
415f84ee5b9db2e4	mysql	innodb_cmp_reset	uncompress_time	INT	false			8.0,5.7			
b46d326a24e2b1fc	mysql	innodb_cmpmem	buffer_pool_instance	INT	false			8.0,5.7			
aaba7a4443dc17a7	mysql	innodb_cmpmem	page_size	INT	false			8.0,5.7			
929440c5716b0f22	mysql	innodb_cmpmem	pages_free	INT	false			8.0,5.7			
218005cdb6d3e650	mysql	innodb_cmpmem	pages_used	INT	false			8.0,5.7			
a4a60de52f4a01f0	mysql	innodb_cmpmem	relocation_ops	BIGINT	false			8.0,5.7			
4d8f1eae3eb2e72a	mysql	innodb_cmpmem	relocation_time	INT	false			8.0,5.7			
b4fee3136638bd21	mysql	innodb_cmpmem_reset	buffer_pool_instance	INT	false			8.0,5.7			
5795a2539be5150c	mysql	innodb_cmpmem_reset	page_size	INT	false			8.0,5.7			
47b6a9d983c44de8	mysql	innodb_cmpmem_reset	pages_free	INT	false			8.0,5.7			
2ba985a43e5283ce	mysql	innodb_cmpmem_reset	pages_used	INT	false			8.0,5.7			
d7f3d1c2064fb7e2	mysql	innodb_cmpmem_reset	relocation_ops	BIGINT	false			8.0,5.7			
dc77a14a78dbc368	mysql	innodb_cmpmem_reset	relocation_time	INT	false			8.0,5.7			
b88cd690d4c5edb5	mysql	innodb_columns	default_value	TEXT	true			8.0			
3f3ef9b0b15ec881	mysql	innodb_columns	has_default	INT	false			8.0			
5dc3ef589a79d1e0	mysql	innodb_columns	len	INT	false			8.0			
7fc7f067490dfea1	mysql	innodb_columns	mtype	INT	false			8.0			
7039d57d7a2076d8	mysql	innodb_columns	name	VARCHAR	false			8.0			
6d6eb8fa1447bd5f	mysql	innodb_columns	pos	BIGINT	false			8.0			
8517a5a6a6031201	mysql	innodb_columns	prtype	INT	false			8.0			
1542e0c582d8ea07	mysql	innodb_columns	table_id	BIGINT	false			8.0			
547c221853287bef	mysql	innodb_datafiles	path	VARCHAR	false			8.0			
0f6d09aabfe15ffd	mysql	innodb_datafiles	space	VARBINARY	true			8.0			
61a5cd6fa88bcaeb	mysql	innodb_fields	index_id	VARBINARY	true			8.0			
3c54a661d18976af	mysql	innodb_fields	name	VARCHAR	false			8.0			
4d0037b07d2dce34	mysql	innodb_fields	pos	BIGINT	false			8.0			
48234bd8ad393097	mysql	innodb_foreign	for_name	VARCHAR	true			8.0			
871c810cbe335251	mysql	innodb_foreign	id	VARCHAR	true			8.0			
30da39f9fe626120	mysql	innodb_foreign	n_cols	BIGINT	false			8.0			
96f66e81d38cfc93	mysql	innodb_foreign	ref_name	VARCHAR	true			8.0			
c23a6270d914f9a8	mysql	innodb_foreign	type	BIGINT	false			8.0			
92ae0341ccb3b96f	mysql	innodb_foreign_cols	for_col_name	VARCHAR	false			8.0			
a1880642f08efb25	mysql	innodb_foreign_cols	id	VARCHAR	true			8.0			
341987c9a4cd4547	mysql	innodb_foreign_cols	pos	INT	false			8.0			
44079050a6979387	mysql	innodb_foreign_cols	ref_col_name	VARCHAR	false			8.0			
ba0ba125e45c3521	mysql	innodb_ft_being_deleted	doc_id	BIGINT	false			8.0,5.7			
f78fd28e35178d29	mysql	innodb_ft_config	key	VARCHAR	false			8.0,5.7			
379f22d1df2e08e2	mysql	innodb_ft_config	value	VARCHAR	false			8.0,5.7			
b6a19366a6bbcefd	mysql	innodb_ft_default_stopword	value	VARCHAR	false			8.0,5.7			
c6d02f219da13483	mysql	innodb_ft_deleted	doc_id	BIGINT	false			8.0,5.7			
6c2e6619a60c4578	mysql	innodb_ft_index_cache	doc_count	BIGINT	false			8.0,5.7			
dffd4ca032159cd9	mysql	innodb_ft_index_cache	doc_id	BIGINT	false			8.0,5.7			
66c12b725b0d196a	mysql	innodb_ft_index_cache	first_doc_id	BIGINT	false			8.0,5.7			
7e758dbb848ca656	mysql	innodb_ft_index_cache	last_doc_id	BIGINT	false			8.0,5.7			
ab48f0a94984e90d	mysql	innodb_ft_index_cache	position	BIGINT	false			8.0,5.7			
0437a5e699f410e5	mysql	innodb_ft_index_cache	word	VARCHAR	false			8.0,5.7			
8f988032d9cdc14a	mysql	innodb_ft_index_table	doc_count	BIGINT	false			8.0,5.7			
eb72c6736d9b97cb	mysql	innodb_ft_index_table	doc_id	BIGINT	false			8.0,5.7			
382b36321e56359b	mysql	innodb_ft_index_table	first_doc_id	BIGINT	false			8.0,5.7			
18b895332ec6d0f9	mysql	innodb_ft_index_table	last_doc_id	BIGINT	false			8.0,5.7			
0cc84ffc9d9aa37f	mysql	innodb_ft_index_table	position	BIGINT	false			8.0,5.7			
de83cb59646c0aab	mysql	innodb_ft_index_table	word	VARCHAR	false			8.0,5.7			
cb7157c14f3ee891	mysql	innodb_indexes	index_id	BIGINT	false			8.0			
c3a3e88a39c5fd82	mysql	innodb_indexes	merge_threshold	INT	false			8.0			
3671f8d282f25cae	mysql	innodb_indexes	n_fields	INT	false			8.0			
c37994c0a1b5ae41	mysql	innodb_indexes	name	VARCHAR	false			8.0			
2f772b78c150e8aa	mysql	innodb_indexes	page_no	INT	false			8.0			
8aa7e794d057b7c7	mysql	innodb_indexes	space	INT	false			8.0			
81d38af5950ada0e	mysql	innodb_indexes	table_id	BIGINT	false			8.0			
ee8a2433da0ce1d8	mysql	innodb_indexes	type	INT	false			8.0			
85d73641db8d4ac5	mysql	innodb_lock_waits	blocking_lock_id	VARCHAR	false			5.7			
53cf42a768de77f0	mysql	innodb_lock_waits	blocking_trx_id	VARCHAR	false			5.7			
b80c12e10446d047	mysql	innodb_lock_waits	requested_lock_id	VARCHAR	false			5.7			
d46c85205b48d63a	mysql	innodb_lock_waits	requesting_trx_id	VARCHAR	false			5.7			
3caa44dda48f8a47	mysql	innodb_locks	lock_data	VARCHAR	true			5.7			
3ca277fb8ea81adf	mysql	innodb_locks	lock_id	VARCHAR	false			5.7			
4984ff823f1236e3	mysql	innodb_locks	lock_index	VARCHAR	true			5.7			
d7c3226e47bacfe0	mysql	innodb_locks	lock_mode	VARCHAR	false			5.7			
ea65a5efb1f49616	mysql	innodb_locks	lock_page	BIGINT	true			5.7			
8306039d94d5412a	mysql	innodb_locks	lock_rec	BIGINT	true			5.7			
70540bf4744ade71	mysql	innodb_locks	lock_space	BIGINT	true			5.7			
6d0e649fed2822ba	mysql	innodb_locks	lock_table	VARCHAR	false			5.7			
a6d7e04c082f127f	mysql	innodb_locks	lock_trx_id	VARCHAR	false			5.7			
270e0c7e7ef530cb	mysql	innodb_locks	lock_type	VARCHAR	false			5.7			
cfbacf359575f5ec	mysql	innodb_metrics	avg_count	DOUBLE	true			5.7,8.0			
c0c7798e72a3d722	mysql	innodb_metrics	avg_count_reset	DOUBLE	true			5.7,8.0			
28545e311ad702c4	mysql	innodb_metrics	comment	VARCHAR	false			8.0,5.7			
d8e415b69a748b03	mysql	innodb_metrics	count	BIGINT	false			8.0,5.7			
9f1cf4cdb248b3ca	mysql	innodb_metrics	count_reset	BIGINT	false			8.0,5.7			
ca988726df3cebcc	mysql	innodb_metrics	max_count	BIGINT	true			8.0,5.7			
7b1ff4658777f709	mysql	innodb_metrics	max_count_reset	BIGINT	true			8.0,5.7			
8b9203487adb9070	mysql	innodb_metrics	min_count	BIGINT	true			8.0,5.7			
2b7e1dad75a306d4	mysql	innodb_metrics	min_count_reset	BIGINT	true			8.0,5.7			
a7150c8fcdc9fea7	mysql	innodb_metrics	name	VARCHAR	false			8.0,5.7			
f94a6058f44e1f39	mysql	innodb_metrics	status	VARCHAR	false			8.0,5.7			
9d3bde05caf57ebf	mysql	innodb_metrics	subsystem	VARCHAR	false			8.0,5.7			
44d25cd62760261c	mysql	innodb_metrics	time_disabled	DATETIME	true			8.0,5.7			
198ec65becb1677a	mysql	innodb_metrics	time_elapsed	BIGINT	true			8.0,5.7			
6eafc1b7c42ec01b	mysql	innodb_metrics	time_enabled	DATETIME	true			8.0,5.7			
a0e11832cef803ff	mysql	innodb_metrics	time_reset	DATETIME	true			8.0,5.7			
104305ddd7df9d2c	mysql	innodb_metrics	type	VARCHAR	false			8.0,5.7			
68d6d863bead671c	mysql	innodb_session_temp_tablespaces	id	INT	false			8.0			
a51a10bb41a55ce1	mysql	innodb_session_temp_tablespaces	path	VARCHAR	false			8.0			
8bf34d165ab4effd	mysql	innodb_session_temp_tablespaces	purpose	VARCHAR	false			8.0			
882e8dbdb4a3ea7c	mysql	innodb_session_temp_tablespaces	size	BIGINT	false			8.0			
2b59e8789e347534	mysql	innodb_session_temp_tablespaces	space	INT	false			8.0			
8f99c7d1ae7eaa06	mysql	innodb_session_temp_tablespaces	state	VARCHAR	false			8.0			
474959c901e2dbf8	mysql	innodb_sys_columns	len	INT	false			5.7			
4e6a1aa8e75b54e0	mysql	innodb_sys_columns	mtype	INT	false			5.7			
1d75902be6ec8566	mysql	innodb_sys_columns	name	VARCHAR	false			5.7			
58d3316bd94b78b8	mysql	innodb_sys_columns	pos	BIGINT	false			5.7			
6d50589aa3d90be4	mysql	innodb_sys_columns	prtype	INT	false			5.7			
c28ceb082e983ec4	mysql	innodb_sys_columns	table_id	BIGINT	false			5.7			
2a85e7c8f7fa529b	mysql	innodb_sys_datafiles	path	VARCHAR	false			5.7			
f615069dbc02e21b	mysql	innodb_sys_datafiles	space	INT	false			5.7			
38f8d23272e458cd	mysql	innodb_sys_fields	index_id	BIGINT	false			5.7			
b96dd76e99680ad1	mysql	innodb_sys_fields	name	VARCHAR	false			5.7			
cc343941d43aa668	mysql	innodb_sys_fields	pos	INT	false			5.7			
58ae88e59bef5406	mysql	innodb_sys_foreign	for_name	VARCHAR	false			5.7			
ac083c70d6a95823	mysql	innodb_sys_foreign	id	VARCHAR	false			5.7			
e06a0f08c2efe7f4	mysql	innodb_sys_foreign	n_cols	INT	false			5.7			
ec9b3c02d96f5058	mysql	innodb_sys_foreign	ref_name	VARCHAR	false			5.7			
b6479e223db3ba76	mysql	innodb_sys_foreign	type	INT	false			5.7			
69df1ead8fb2a7d2	mysql	innodb_sys_foreign_cols	for_col_name	VARCHAR	false			5.7			
3f50455dda1c7d8a	mysql	innodb_sys_foreign_cols	id	VARCHAR	false			5.7			
bb626f9712f12f64	mysql	innodb_sys_foreign_cols	pos	INT	false			5.7			
b5a61535279fae8b	mysql	innodb_sys_foreign_cols	ref_col_name	VARCHAR	false			5.7			
4956b965ce465ed8	mysql	innodb_sys_indexes	index_id	BIGINT	false			5.7			
5340642c514136b1	mysql	innodb_sys_indexes	merge_threshold	INT	false			5.7			
30ab1fdb345bfa58	mysql	innodb_sys_indexes	n_fields	INT	false			5.7			
7b602f97b993981a	mysql	innodb_sys_indexes	name	VARCHAR	false			5.7			
4dab9ae2a26eedca	mysql	innodb_sys_indexes	page_no	INT	false			5.7			
4acf3a9c04eeb080	mysql	innodb_sys_indexes	space	INT	false			5.7			
773c31fe49d75831	mysql	innodb_sys_indexes	table_id	BIGINT	false			5.7			
847cbb5bc9c444e4	mysql	innodb_sys_indexes	type	INT	false			5.7			
1b3f3e81bc531c45	mysql	innodb_sys_tables	file_format	VARCHAR	true			5.7			
7a4bd8137a3f0b25	mysql	innodb_sys_tables	flag	INT	false			5.7			
9419c94682a23ea3	mysql	innodb_sys_tables	n_cols	INT	false			5.7			
0e9756e1630ae04d	mysql	innodb_sys_tables	name	VARCHAR	false			5.7			
5456ef15be5e53e2	mysql	innodb_sys_tables	row_format	VARCHAR	true			5.7			
16b89ca85769f3f3	mysql	innodb_sys_tables	space	INT	false			5.7			
256cef06fa4f358d	mysql	innodb_sys_tables	space_type	VARCHAR	true			5.7			
8c0b2d5d83289c37	mysql	innodb_sys_tables	table_id	BIGINT	false			5.7			
20fd84948a3fca90	mysql	innodb_sys_tables	zip_page_size	INT	false			5.7			
4f28ab3375b77468	mysql	innodb_sys_tablespaces	allocated_size	BIGINT	false			5.7			
2952956628289e97	mysql	innodb_sys_tablespaces	file_format	VARCHAR	true			5.7			
49f449e315dc7362	mysql	innodb_sys_tablespaces	file_size	BIGINT	false			5.7			
9752d1d084743b83	mysql	innodb_sys_tablespaces	flag	INT	false			5.7			
fbab372de2900ce1	mysql	innodb_sys_tablespaces	fs_block_size	INT	false			5.7			
d60cabc813f95cba	mysql	innodb_sys_tablespaces	name	VARCHAR	false			5.7			
9d6aa58f971e10e6	mysql	innodb_sys_tablespaces	page_size	INT	false			5.7			
a474d390db7ae6e8	mysql	innodb_sys_tablespaces	row_format	VARCHAR	true			5.7			
978d83b01903433c	mysql	innodb_sys_tablespaces	space	INT	false			5.7			
565e918c4d7ef1ca	mysql	innodb_sys_tablespaces	space_type	VARCHAR	true			5.7			
94a5cbbe755ad475	mysql	innodb_sys_tablespaces	zip_page_size	INT	false			5.7			
c71e58b837f709d3	mysql	innodb_sys_tablestats	autoinc	BIGINT	false			5.7			
2049a6b83b7fcd87	mysql	innodb_sys_tablestats	clust_index_size	BIGINT	false			5.7			
64d3df6e207e4c1f	mysql	innodb_sys_tablestats	modified_counter	BIGINT	false			5.7			
c6b9fd42f2f9c06a	mysql	innodb_sys_tablestats	name	VARCHAR	false			5.7			
394220b9a56e0ec1	mysql	innodb_sys_tablestats	num_rows	BIGINT	false			5.7			
c15dae56e26b40ee	mysql	innodb_sys_tablestats	other_index_size	BIGINT	false			5.7			
39e90c1858cafa1c	mysql	innodb_sys_tablestats	ref_count	INT	false			5.7			
f7cbc9a001e0da4c	mysql	innodb_sys_tablestats	stats_initialized	VARCHAR	false			5.7			
383706c606d18cd2	mysql	innodb_sys_tablestats	table_id	BIGINT	false			5.7			
17223d3021159d23	mysql	innodb_sys_virtual	base_pos	INT	false			5.7			
8778977766781216	mysql	innodb_sys_virtual	pos	INT	false			5.7			
73469eb7e303ea51	mysql	innodb_sys_virtual	table_id	BIGINT	false			5.7			
cafe1d84d8c8ee7d	mysql	innodb_tables	flag	INT	false			8.0			
ebc143588f374753	mysql	innodb_tables	instant_cols	INT	false			8.0			
e86522f164ba849d	mysql	innodb_tables	n_cols	INT	false			8.0			
f88e219038fdaa08	mysql	innodb_tables	name	VARCHAR	false			8.0			
6839ce15d21a179a	mysql	innodb_tables	row_format	VARCHAR	true			8.0			
32e674cea841e0e7	mysql	innodb_tables	space	BIGINT	false			8.0			
c0058010dcdd9dee	mysql	innodb_tables	space_type	VARCHAR	true			8.0			
d1449a4cc4cda896	mysql	innodb_tables	table_id	BIGINT	false			8.0			
6760f3d7f12457ff	mysql	innodb_tables	zip_page_size	INT	false			8.0			
5faa3e83a291b5be	mysql	innodb_tablespaces	allocated_size	BIGINT	false			8.0			
e1ad217152155ee7	mysql	innodb_tablespaces	autoextend_size	BIGINT	false			8.0			
fe5922b89535c08a	mysql	innodb_tablespaces	encryption	VARCHAR	true			8.0			
731dbcad7e262c68	mysql	innodb_tablespaces	file_size	BIGINT	false			8.0			
f4d83b7177c581cc	mysql	innodb_tablespaces	flag	INT	false			8.0			
e6b9883d79eeb6d9	mysql	innodb_tablespaces	fs_block_size	INT	false			8.0			
603ae81886ad3b41	mysql	innodb_tablespaces	name	VARCHAR	false			8.0			
fc9f8222f97af0f6	mysql	innodb_tablespaces	page_size	INT	false			8.0			
c26b799af9db3720	mysql	innodb_tablespaces	row_format	VARCHAR	true			8.0			
83aebc75b7abc791	mysql	innodb_tablespaces	server_version	VARCHAR	true			8.0			
59e17262f8812cf2	mysql	innodb_tablespaces	space	INT	false			8.0			
f18bec9f7cfa2467	mysql	innodb_tablespaces	space_type	VARCHAR	true			8.0			
0ad8f59e01807b64	mysql	innodb_tablespaces	space_version	INT	false			8.0			
a77e1b0aeea89b56	mysql	innodb_tablespaces	state	VARCHAR	true			8.0			
69dcc0ab3451c66d	mysql	innodb_tablespaces	zip_page_size	INT	false			8.0			
3459224b2ea94227	mysql	innodb_tablespaces_brief	flag	VARBINARY	true			8.0			
e01048b3b448a561	mysql	innodb_tablespaces_brief	name	VARCHAR	false			8.0			
6be3d87a0c17afa6	mysql	innodb_tablespaces_brief	path	VARCHAR	false			8.0			
5b1fd5742bf669b9	mysql	innodb_tablespaces_brief	space	VARBINARY	true			8.0			
c14784fd906b8a98	mysql	innodb_tablespaces_brief	space_type	VARCHAR	false			8.0			
d23e0096b958546f	mysql	innodb_tablestats	autoinc	BIGINT	false			8.0			
4d443891c769fa0d	mysql	innodb_tablestats	clust_index_size	BIGINT	false			8.0			
527f4682c8e9f845	mysql	innodb_tablestats	modified_counter	BIGINT	false			8.0			
4396b9ee68deca7b	mysql	innodb_tablestats	name	VARCHAR	false			8.0			
d752863681278a7e	mysql	innodb_tablestats	num_rows	BIGINT	false			8.0			
84e5184435a7cb91	mysql	innodb_tablestats	other_index_size	BIGINT	false			8.0			
266d3fb190480ff3	mysql	innodb_tablestats	ref_count	INT	false			8.0			
1c06e43cf075a8ec	mysql	innodb_tablestats	stats_initialized	VARCHAR	false			8.0			
67b94d9b6afebfc5	mysql	innodb_tablestats	table_id	BIGINT	false			8.0			
efba2e26c2d93b14	mysql	innodb_temp_table_info	is_compressed	VARCHAR	true			5.7			
d20d8e215bd36627	mysql	innodb_temp_table_info	n_cols	INT	false			8.0,5.7			
21ff5d0603d6b95d	mysql	innodb_temp_table_info	name	VARCHAR	true			8.0,5.7			
f1c5271b87180faa	mysql	innodb_temp_table_info	per_table_tablespace	VARCHAR	true			5.7			
1504b2128024c642	mysql	innodb_temp_table_info	space	INT	false			8.0,5.7			
76f1a34c54f951bd	mysql	innodb_temp_table_info	table_id	BIGINT	false			8.0,5.7			
27ecdf3028882f39	mysql	innodb_trx	trx_adaptive_hash_latched	INT	false			8.0,5.7			
a98810d781cbdda8	mysql	innodb_trx	trx_adaptive_hash_timeout	BIGINT	false			8.0,5.7			
448cc6f49a11bfa9	mysql	innodb_trx	trx_autocommit_non_locking	INT	false			8.0,5.7			
e157a476a9e25e62	mysql	innodb_trx	trx_concurrency_tickets	BIGINT	false			8.0,5.7			
fbd153880ea13497	mysql	innodb_trx	trx_foreign_key_checks	INT	false			8.0,5.7			
5b04beb895164db9	mysql	innodb_trx	trx_id	BIGINT	false			8.0,5.7			
f93d0deada558e29	mysql	innodb_trx	trx_is_read_only	INT	false			8.0,5.7			
77d83eab8916aebd	mysql	innodb_trx	trx_isolation_level	VARCHAR	false			8.0,5.7			
985b33daaf191587	mysql	innodb_trx	trx_last_foreign_key_error	VARCHAR	true			8.0,5.7			
37b33610d5b3bbe6	mysql	innodb_trx	trx_lock_memory_bytes	BIGINT	false			8.0,5.7			
9a531c4e1d3c99e3	mysql	innodb_trx	trx_lock_structs	BIGINT	false			8.0,5.7			
7bd07772fbe52113	mysql	innodb_trx	trx_mysql_thread_id	BIGINT	false			8.0,5.7			
d51be0545b30f4c5	mysql	innodb_trx	trx_operation_state	VARCHAR	true			8.0,5.7			
7cabfa3fd6d1fb00	mysql	innodb_trx	trx_query	VARCHAR	true			8.0,5.7			
6b4affe369ad2920	mysql	innodb_trx	trx_requested_lock_id	VARCHAR	true			8.0,5.7			
fd0763e19cb995a9	mysql	innodb_trx	trx_rows_locked	BIGINT	false			8.0,5.7			
756ab280ab807fc1	mysql	innodb_trx	trx_rows_modified	BIGINT	false			8.0,5.7			
ba05288a9e39c4a8	mysql	innodb_trx	trx_schedule_weight	BIGINT	true			8.0			
1b04da8a053fef48	mysql	innodb_trx	trx_started	DATETIME	false			8.0,5.7			
2c57d3af415c7af9	mysql	innodb_trx	trx_state	VARCHAR	false			8.0,5.7			
f625ca14a7b9e674	mysql	innodb_trx	trx_tables_in_use	BIGINT	false			8.0,5.7			
f6a8ffa464a45773	mysql	innodb_trx	trx_tables_locked	BIGINT	false			8.0,5.7			
a2ff8fbecbdd4158	mysql	innodb_trx	trx_unique_checks	INT	false			8.0,5.7			
839390c0b9b75ba9	mysql	innodb_trx	trx_wait_started	DATETIME	true			8.0,5.7			
1a6d9c1bb912b3e3	mysql	innodb_trx	trx_weight	BIGINT	false			8.0,5.7			
fc8468cc465a48c8	mysql	innodb_virtual	base_pos	INT	false			8.0			
a917cbdb3c5a75d5	mysql	innodb_virtual	pos	INT	false			8.0			
38fcfd023923e087	mysql	innodb_virtual	table_id	BIGINT	false			8.0			
26836c8597bcfccd	mysql	key_column_usage	column_name	VARCHAR	false			5.7			
a9b6e13127f2c6dd	mysql	key_column_usage	column_name	VARCHAR	true			8.0			
9ea89e6cfcd7820f	mysql	key_column_usage	constraint_catalog	VARCHAR	false			8.0,5.7			
cf3c1da235ed94e0	mysql	key_column_usage	constraint_name	VARCHAR	false			5.7			
743d2910f4cdcabc	mysql	key_column_usage	constraint_name	VARCHAR	true			8.0			
7c691c7fd23ba2f4	mysql	key_column_usage	constraint_schema	VARCHAR	false			8.0,5.7			
27eb399c2259d475	mysql	key_column_usage	ordinal_position	BIGINT	false			5.7,8.0			
f0499eab7d3b1fde	mysql	key_column_usage	position_in_unique_constraint	BIGINT	true			5.7,8.0			
e0e8a154c254f68f	mysql	key_column_usage	referenced_column_name	VARCHAR	true			8.0,5.7			
01b7e3186a5c091c	mysql	key_column_usage	referenced_table_name	VARCHAR	true			8.0,5.7			
3cde9c86710fbf95	mysql	key_column_usage	referenced_table_schema	VARCHAR	true			8.0,5.7			
d8cab5ee460068b9	mysql	key_column_usage	table_catalog	VARCHAR	false			8.0,5.7			
bc5279eeeda49b62	mysql	key_column_usage	table_name	VARCHAR	false			8.0,5.7			
cf6c762f12d29045	mysql	key_column_usage	table_schema	VARCHAR	false			8.0,5.7			
6afea00ec2d3c22e	mysql	keywords	reserved	INT	true			8.0			
9f50bca8f2e95eda	mysql	keywords	word	VARCHAR	true			8.0			
712251532c120641	mysql	optimizer_trace	insufficient_privileges	TINYINT	false			8.0,5.7			
b0976c9e59fe2683	mysql	optimizer_trace	missing_bytes_beyond_max_mem_size	INT	false			8.0,5.7			
8c66022b78764d85	mysql	optimizer_trace	query	LONGTEXT	false			5.7,8.0			
a456f074196f7e68	mysql	optimizer_trace	trace	LONGTEXT	false			5.7,8.0			
80a77ac737300981	mysql	parameters	character_maximum_length	BIGINT	true			8.0,5.7			
d489ff1a100b9ce6	mysql	parameters	character_octet_length	BIGINT	true			8.0,5.7			
3eb6a1897a5d3b71	mysql	parameters	character_set_name	VARCHAR	true			8.0,5.7			
617f4ab2db27968e	mysql	parameters	collation_name	VARCHAR	true			8.0,5.7			
6bb56e4b5f5b4b83	mysql	parameters	data_type	VARCHAR	false			5.7			
74be1ce0a1474c78	mysql	parameters	data_type	LONGTEXT	true			8.0			
2dba3ab6706f783e	mysql	parameters	datetime_precision	BIGINT	true			5.7,8.0			
96fb06b833ba41a8	mysql	parameters	dtd_identifier	LONGTEXT	false			5.7,8.0			
bb30ee6a34f4c09b	mysql	parameters	numeric_precision	BIGINT	true			5.7,8.0			
9b29ba484930b1bf	mysql	parameters	numeric_scale	BIGINT	true			8.0,5.7			
020a0fe0a6ecf2bb	mysql	parameters	ordinal_position	BIGINT	false			8.0,5.7			
396733f15f248066	mysql	parameters	parameter_mode	VARCHAR	true			8.0,5.7			
f2a8677cbf29d1fe	mysql	parameters	parameter_name	VARCHAR	true			8.0,5.7			
d52d21f41231e866	mysql	parameters	routine_type	ENUM	false			8.0,5.7			
bcea52566fa7946b	mysql	parameters	specific_catalog	VARCHAR	false			8.0,5.7			
82156ce9ff4b50ff	mysql	parameters	specific_name	VARCHAR	false			8.0,5.7			
23aaea66d1efcd93	mysql	parameters	specific_schema	VARCHAR	false			8.0,5.7			
adc1d74fc69dd932	mysql	partitions	avg_row_length	BIGINT	false			5.7			
1a0dbf56669dd8c7	mysql	partitions	avg_row_length	BIGINT	true			8.0			
eb150c5b2c775955	mysql	partitions	check_time	DATETIME	true			8.0,5.7			
93ee5bed2e842a03	mysql	partitions	checksum	BIGINT	true			8.0,5.7			
48230aebbe4327bb	mysql	partitions	create_time	TIMESTAMP	false			8.0			
bfda7df46688f447	mysql	partitions	create_time	DATETIME	true			5.7			
274f40d293484d61	mysql	partitions	data_free	BIGINT	false			5.7			
4a69570a068f53f4	mysql	partitions	data_free	BIGINT	true			8.0			
fbbc4e1869ead807	mysql	partitions	data_length	BIGINT	false			5.7			
ac70947a313f6cdf	mysql	partitions	data_length	BIGINT	true			8.0			
157099ad51f1ecc8	mysql	partitions	index_length	BIGINT	false			5.7			
8caa745c3525cc61	mysql	partitions	index_length	BIGINT	true			8.0			
0529826ed26d01d7	mysql	partitions	max_data_length	BIGINT	true			8.0,5.7			
e55fb97b1715198a	mysql	partitions	nodegroup	VARCHAR	false			5.7			
a3a5335f5bbd69be	mysql	partitions	nodegroup	VARCHAR	true			8.0			
a6488a87dc717a70	mysql	partitions	partition_comment	TEXT	false			8.0,5.7			
fe43e5485b8c3edb	mysql	partitions	partition_description	LONGTEXT	true			5.7,8.0			
4b5c4f6b06b28f82	mysql	partitions	partition_expression	LONGTEXT	true			5.7,8.0			
ae920b50acf1e507	mysql	partitions	partition_method	VARCHAR	true			8.0,5.7			
a1008e76d89f9183	mysql	partitions	partition_name	VARCHAR	true			8.0,5.7			
b5522ddc14b65a33	mysql	partitions	partition_ordinal_position	BIGINT	true			5.7,8.0			
b00336cf33c8d94e	mysql	partitions	subpartition_expression	LONGTEXT	true			5.7,8.0			
5c84eb7dbc460c9b	mysql	partitions	subpartition_method	VARCHAR	true			8.0,5.7			
c2ab90288214f88f	mysql	partitions	subpartition_name	VARCHAR	true			8.0,5.7			
f7173edc2a14aa62	mysql	partitions	subpartition_ordinal_position	BIGINT	true			5.7,8.0			
df48dcd15428d19d	mysql	partitions	table_catalog	VARCHAR	false			8.0,5.7			
e9c07997729ff89e	mysql	partitions	table_name	VARCHAR	false			8.0,5.7			
8bdbf618c2c4248d	mysql	partitions	table_rows	BIGINT	false			5.7			
f67591356c1fe7cc	mysql	partitions	table_rows	BIGINT	true			8.0			
57c734b24acaf816	mysql	partitions	table_schema	VARCHAR	false			8.0,5.7			
1b9eef66e27d8b6f	mysql	partitions	tablespace_name	VARCHAR	true			8.0,5.7			
b6649c90d3470820	mysql	partitions	update_time	DATETIME	true			8.0,5.7			
07ad8f0236055f20	mysql	plugins	load_option	VARCHAR	false			8.0,5.7			
28e808da1744eae2	mysql	plugins	plugin_author	VARCHAR	true			8.0,5.7			
3c13296cb1916303	mysql	plugins	plugin_description	LONGTEXT	true			5.7,8.0			
532ab47c904cac68	mysql	plugins	plugin_library	VARCHAR	true			8.0,5.7			
d3de2f1dfb0bd617	mysql	plugins	plugin_library_version	VARCHAR	true			8.0,5.7			
3abc16822db49b6c	mysql	plugins	plugin_license	VARCHAR	true			8.0,5.7			
783b58c2012e96b2	mysql	plugins	plugin_name	VARCHAR	false			8.0,5.7			
67c0c4fcb4b71463	mysql	plugins	plugin_status	VARCHAR	false			8.0,5.7			
a4bf1693e786244f	mysql	plugins	plugin_type	VARCHAR	false			8.0,5.7			
94ab44cf871c59d8	mysql	plugins	plugin_type_version	VARCHAR	false			8.0,5.7			
5e2c27f4f0be868b	mysql	plugins	plugin_version	VARCHAR	false			8.0,5.7			
16164eab225d821a	mysql	processlist	command	VARCHAR	false			8.0,5.7			
6049c07c493f7b25	mysql	processlist	db	VARCHAR	true			8.0,5.7			
75a305f4d50152ad	mysql	processlist	host	VARCHAR	false			8.0,5.7			
53c3d693adda5afe	mysql	processlist	id	BIGINT	false			8.0,5.7			
bb350de478ed08ec	mysql	processlist	info	LONGTEXT	true			5.7,8.0			
856eab0284282c63	mysql	processlist	state	VARCHAR	true			8.0,5.7			
216f6c7fcf5b7dc9	mysql	processlist	time	INT	false			8.0,5.7			
ae7a3caa0e532a13	mysql	processlist	user	VARCHAR	false			8.0,5.7			
6026e0c3f1d8b5c3	mysql	profiling	block_ops_in	INT	true			8.0,5.7			
b79347767a852bae	mysql	profiling	block_ops_out	INT	true			8.0,5.7			
5a467d730646f8bf	mysql	profiling	context_involuntary	INT	true			8.0,5.7			
6ce99e977effdcc4	mysql	profiling	context_voluntary	INT	true			8.0,5.7			
2d50e0e2aa6823a4	mysql	profiling	cpu_system	DECIMAL	true			8.0,5.7			
c6877386576465c1	mysql	profiling	cpu_user	DECIMAL	true			8.0,5.7			
7829d4b4f942d491	mysql	profiling	duration	DECIMAL	false			8.0,5.7			
bb97968a894c5db1	mysql	profiling	messages_received	INT	true			8.0,5.7			
1730e9476b1e3d68	mysql	profiling	messages_sent	INT	true			8.0,5.7			
0ed932d7184dbfd9	mysql	profiling	page_faults_major	INT	true			8.0,5.7			
89638765a4265707	mysql	profiling	page_faults_minor	INT	true			8.0,5.7			
9a888664ee4c226d	mysql	profiling	query_id	INT	false			8.0,5.7			
52ee75d70b408de3	mysql	profiling	seq	INT	false			8.0,5.7			
f4782895feffe741	mysql	profiling	source_file	VARCHAR	true			8.0,5.7			
4afd6304c1c04793	mysql	profiling	source_function	VARCHAR	true			8.0,5.7			
aa3499c5749c0b43	mysql	profiling	source_line	INT	true			8.0,5.7			
563f10048e8e147e	mysql	profiling	state	VARCHAR	false			8.0,5.7			
fc3fa2066afe70d5	mysql	profiling	swaps	INT	true			8.0,5.7			
5cf9ccd692d9ebbe	mysql	referential_constraints	constraint_catalog	VARCHAR	false			8.0,5.7			
7ae17e5b5a618754	mysql	referential_constraints	constraint_name	VARCHAR	false			5.7			
609469e426427992	mysql	referential_constraints	constraint_name	VARCHAR	true			8.0			
1a584119d7ecebdf	mysql	referential_constraints	constraint_schema	VARCHAR	false			8.0,5.7			
890313b2556fa17c	mysql	referential_constraints	delete_rule	ENUM	false			8.0,5.7			
6ea9b4a8da780971	mysql	referential_constraints	match_option	ENUM	false			8.0,5.7			
786c83bd797b1cc1	mysql	referential_constraints	referenced_table_name	VARCHAR	false			8.0,5.7			
a68b9171502ec766	mysql	referential_constraints	table_name	VARCHAR	false			8.0,5.7			
f1a63962ad45d608	mysql	referential_constraints	unique_constraint_catalog	VARCHAR	false			8.0,5.7			
83631cefcdd3c99d	mysql	referential_constraints	unique_constraint_name	VARCHAR	true			8.0,5.7			
a09c541df72899fe	mysql	referential_constraints	unique_constraint_schema	VARCHAR	false			8.0,5.7			
f63873977c5fa9e8	mysql	referential_constraints	update_rule	ENUM	false			8.0,5.7			
db3de31cd6ea2742	mysql	resource_groups	resource_group_enabled	TINYINT	false			8.0			
4f8eca0abb3f0332	mysql	resource_groups	resource_group_name	VARCHAR	false			8.0			
4d2ba7af63ae8144	mysql	resource_groups	resource_group_type	ENUM	false			8.0			
d1cdb5bd37d3b21b	mysql	resource_groups	thread_priority	INT	false			8.0			
260e1ab804c24d0f	mysql	resource_groups	vcpu_ids	BLOB	true			8.0			
6b9e24eda3357fab	mysql	role_column_grants	column_name	CHAR	false			8.0			
de48ac9949c2a6f8	mysql	role_column_grants	grantee	CHAR	false			8.0			
cf64676bee248656	mysql	role_column_grants	grantee_host	CHAR	false			8.0			
9dd486bce8ddc1cf	mysql	role_column_grants	grantor	VARCHAR	true			8.0			
6fb08a14995df68c	mysql	role_column_grants	grantor_host	VARCHAR	true			8.0			
3f33c8d6be6ae5b4	mysql	role_column_grants	is_grantable	VARCHAR	false			8.0			
ad2e2151bf73423c	mysql	role_column_grants	privilege_type	SET	false			8.0			
00f82a6af8d31f62	mysql	role_column_grants	table_catalog	VARCHAR	false			8.0			
0f904c529a1e9cee	mysql	role_column_grants	table_name	CHAR	false			8.0			
f25be16f472a859a	mysql	role_column_grants	table_schema	CHAR	false			8.0			
be2fed6374fae6a4	mysql	role_routine_grants	grantee	CHAR	false			8.0			
e7611cfd60295d30	mysql	role_routine_grants	grantee_host	CHAR	false			8.0			
29269dc0efa93925	mysql	role_routine_grants	grantor	VARCHAR	true			8.0			
1cfd12c057c92be3	mysql	role_routine_grants	grantor_host	VARCHAR	true			8.0			
8b5b6a7da384ee5f	mysql	role_routine_grants	is_grantable	VARCHAR	false			8.0			
d79df2b33410f712	mysql	role_routine_grants	privilege_type	SET	false			8.0			
1cf48bb5187159d1	mysql	role_routine_grants	routine_catalog	VARCHAR	false			8.0			
4ebae19221f25eb6	mysql	role_routine_grants	routine_name	CHAR	false			8.0			
96bfc9b6533e8da7	mysql	role_routine_grants	routine_schema	CHAR	false			8.0			
d23eeabd4cab7385	mysql	role_routine_grants	specific_catalog	VARCHAR	false			8.0			
28718840af29fb75	mysql	role_routine_grants	specific_name	CHAR	false			8.0			
53c74e24ac5c3559	mysql	role_routine_grants	specific_schema	CHAR	false			8.0			
b2ccc9dc36899f90	mysql	role_table_grants	grantee	CHAR	false			8.0			
067770874742aa19	mysql	role_table_grants	grantee_host	CHAR	false			8.0			
f1f044388ad23614	mysql	role_table_grants	grantor	VARCHAR	true			8.0			
fbdda60675f63dd6	mysql	role_table_grants	grantor_host	VARCHAR	true			8.0			
cb17d5f51ab36874	mysql	role_table_grants	is_grantable	VARCHAR	false			8.0			
cb73ef0dee04169b	mysql	role_table_grants	privilege_type	SET	false			8.0			
87c231b09b6f0597	mysql	role_table_grants	table_catalog	VARCHAR	false			8.0			
4553bdd9f99f64b4	mysql	role_table_grants	table_name	CHAR	false			8.0			
e31ac1e159ced48d	mysql	role_table_grants	table_schema	CHAR	false			8.0			
919af4426c4f4b7c	mysql	routines	character_maximum_length	BIGINT	true			8.0,5.7			
3f10183cb8a1b52f	mysql	routines	character_octet_length	BIGINT	true			8.0,5.7			
a83bc85e0d0a72d7	mysql	routines	character_set_client	VARCHAR	false			8.0,5.7			
e68d48d685693373	mysql	routines	character_set_name	VARCHAR	true			8.0,5.7			
795b7b24e52d22c4	mysql	routines	collation_connection	VARCHAR	false			8.0,5.7			
2dc2f263b8b1aecc	mysql	routines	collation_name	VARCHAR	true			8.0,5.7			
5ea00f10e923e2ce	mysql	routines	created	DATETIME	false			5.7,8.0			
222a06a43ef0c5ee	mysql	routines	data_type	VARCHAR	false			5.7			
f3ea5fa7be94dd44	mysql	routines	data_type	LONGTEXT	true			8.0			
916d4b4220a6d6c6	mysql	routines	database_collation	VARCHAR	false			8.0,5.7			
6eabcd2804d53ac1	mysql	routines	datetime_precision	BIGINT	true			5.7,8.0			
82900d6be5e667c3	mysql	routines	definer	VARCHAR	false			8.0,5.7			
f144f32d1e3afe15	mysql	routines	dtd_identifier	LONGTEXT	true			8.0,5.7			
347ec48953b8e40f	mysql	routines	external_language	VARCHAR	false			8.0			
2b14c014d538b7fd	mysql	routines	external_language	VARCHAR	true			5.7			
7cfa4e2a43d480f3	mysql	routines	external_name	BINARY	true			8.0,5.7			
8c4ee2014b272d80	mysql	routines	is_deterministic	VARCHAR	false			8.0,5.7			
a9dde70728b26025	mysql	routines	last_altered	DATETIME	false			5.7,8.0			
f4c935e0762f8b7e	mysql	routines	numeric_precision	BIGINT	true			5.7,8.0			
7d8da94da5d9ccf2	mysql	routines	numeric_scale	INT	true			8.0,5.7			
f9d05b04c93b42cf	mysql	routines	parameter_style	VARCHAR	false			8.0,5.7			
5e09789bc0d37b94	mysql	routines	routine_body	VARCHAR	false			8.0,5.7			
56d37ec8525d3379	mysql	routines	routine_catalog	VARCHAR	false			8.0,5.7			
db71c084f74ce436	mysql	routines	routine_comment	LONGTEXT	false			5.7,8.0			
4b1392ccf33a87a9	mysql	routines	routine_definition	LONGTEXT	true			8.0,5.7			
108002200510e400	mysql	routines	routine_name	VARCHAR	false			8.0,5.7			
667cc6a04ffced1c	mysql	routines	routine_schema	VARCHAR	false			8.0,5.7			
ba889d62aeb94a89	mysql	routines	routine_type	ENUM	false			8.0,5.7			
a230b77478f30313	mysql	routines	security_type	ENUM	false			8.0,5.7			
8f383cd8a17202d4	mysql	routines	specific_name	VARCHAR	false			8.0,5.7			
0a68bd259550d456	mysql	routines	sql_data_access	ENUM	false			8.0,5.7			
8f014b6d4080c49e	mysql	routines	sql_mode	SET	false			8.0,5.7			
62c0eae073db91ba	mysql	routines	sql_path	BINARY	true			8.0,5.7			
92280342b2014edf	mysql	schema_privileges	grantee	VARCHAR	false			8.0,5.7			
4383d9b1c2103751	mysql	schema_privileges	is_grantable	VARCHAR	false			8.0,5.7			
34a1b0e650bc67f9	mysql	schema_privileges	privilege_type	VARCHAR	false			8.0,5.7			
e63791e1a0cffd01	mysql	schema_privileges	table_catalog	VARCHAR	false			8.0,5.7			
d62ab822e7cd8694	mysql	schema_privileges	table_schema	VARCHAR	false			8.0,5.7			
a2219cbd3d893ab6	mysql	schemata	catalog_name	VARCHAR	false			8.0,5.7			
7f0071adaf97bf8e	mysql	schemata	default_character_set_name	VARCHAR	false			8.0,5.7			
2f6834c159fce290	mysql	schemata	default_collation_name	VARCHAR	false			8.0,5.7			
f9385902c296b057	mysql	schemata	default_encryption	ENUM	false			8.0			
c017cdcc4611c5a2	mysql	schemata	schema_name	VARCHAR	false			8.0,5.7			
77574fdc31340e3c	mysql	schemata	sql_path	BINARY	true			8.0,5.7			
b4f726e2d2ca6b27	mysql	schemata_extensions	catalog_name	VARCHAR	false			8.0			
ab2e2949089f29f5	mysql	schemata_extensions	options	VARCHAR	true			8.0			
c53dce85c2367b10	mysql	schemata_extensions	schema_name	VARCHAR	false			8.0			
58a4836602997d91	mysql	session_status	variable_name	VARCHAR	false			5.7			
e499cd04d7b34052	mysql	session_status	variable_value	VARCHAR	true			5.7			
8547d3ad3edf50ee	mysql	session_variables	variable_name	VARCHAR	false			5.7			
2a996ed4322eda5f	mysql	session_variables	variable_value	VARCHAR	true			5.7			
371049e362db76a0	mysql	st_geometry_columns	column_name	VARCHAR	true			8.0			
4b2802b98b9c1710	mysql	st_geometry_columns	geometry_type_name	LONGTEXT	true			8.0			
5a63946000ce31a9	mysql	st_geometry_columns	srs_id	INT	true			8.0			
ab36ca05cbe665f8	mysql	st_geometry_columns	srs_name	VARCHAR	true			8.0			
b8af2af1bde001ca	mysql	st_geometry_columns	table_catalog	VARCHAR	false			8.0			
16210c4e515c055b	mysql	st_geometry_columns	table_name	VARCHAR	false			8.0			
e0a3b42ca256d30f	mysql	st_geometry_columns	table_schema	VARCHAR	false			8.0			
99641d8666294b8e	mysql	st_spatial_reference_systems	definition	VARCHAR	false			8.0			
0192711937e95921	mysql	st_spatial_reference_systems	description	VARCHAR	true			8.0			
b63852540c7083a9	mysql	st_spatial_reference_systems	organization	VARCHAR	true			8.0			
a4bea4b0699dbdca	mysql	st_spatial_reference_systems	organization_coordsys_id	INT	true			8.0			
49faee245eb473cd	mysql	st_spatial_reference_systems	srs_id	INT	false			8.0			
6865dacbb6464177	mysql	st_spatial_reference_systems	srs_name	VARCHAR	false			8.0			
65cebfdbb87d8901	mysql	st_units_of_measure	conversion_factor	DOUBLE	true			8.0			
5d29134583e38d38	mysql	st_units_of_measure	description	VARCHAR	true			8.0			
bc3aff86b45b0b7f	mysql	st_units_of_measure	unit_name	VARCHAR	true			8.0			
ef40178a7cac9128	mysql	st_units_of_measure	unit_type	VARCHAR	true			8.0			
f1282aa071f14ca1	mysql	statistics	cardinality	BIGINT	true			8.0,5.7			
8ffc66d488f86070	mysql	statistics	collation	VARCHAR	true			8.0,5.7			
fd6197dbe850cc3b	mysql	statistics	column_name	VARCHAR	false			5.7			
d7db433b7fe2583e	mysql	statistics	column_name	VARCHAR	true			8.0			
c6f932ba00f668bb	mysql	statistics	comment	VARCHAR	false			8.0			
465ddccd6d738c84	mysql	statistics	comment	VARCHAR	true			5.7			
1abe5a704a082dc4	mysql	statistics	expression	LONGTEXT	true			8.0			
27ea0492d3edbe3d	mysql	statistics	index_comment	VARCHAR	false			8.0,5.7			
9fc61481e88c6c06	mysql	statistics	index_name	VARCHAR	false			5.7			
0670681ffee288ae	mysql	statistics	index_name	VARCHAR	true			8.0			
9c24ba49d267f9b4	mysql	statistics	index_schema	VARCHAR	false			8.0,5.7			
0da26b77e5746140	mysql	statistics	index_type	VARCHAR	false			8.0,5.7			
05efbdf0f616048d	mysql	statistics	is_visible	VARCHAR	false			8.0			
4254463638c081e2	mysql	statistics	non_unique	BIGINT	false			5.7,8.0			
2f170e6d43c49d61	mysql	statistics	nullable	VARCHAR	false			8.0,5.7			
80006002ac62d837	mysql	statistics	packed	BINARY	true			8.0,5.7			
54090142ccce72db	mysql	statistics	seq_in_index	BIGINT	false			5.7,8.0			
e49d2966e1bff2e4	mysql	statistics	sub_part	BIGINT	true			8.0,5.7			
356b86e6c2ecc4b9	mysql	statistics	table_catalog	VARCHAR	false			8.0,5.7			
99c99a906c22db82	mysql	statistics	table_name	VARCHAR	false			8.0,5.7			
b1d35045e8877a38	mysql	statistics	table_schema	VARCHAR	false			8.0,5.7			
1cf6fdb459b4b62f	mysql	table_constraints	constraint_catalog	VARCHAR	false			8.0,5.7			
b67a0a8616e3041c	mysql	table_constraints	constraint_name	VARCHAR	false			5.7			
3236fca355bdd0bb	mysql	table_constraints	constraint_name	VARCHAR	true			8.0			
9ab8f86923f938d4	mysql	table_constraints	constraint_schema	VARCHAR	false			8.0,5.7			
973268adf8b1aad0	mysql	table_constraints	constraint_type	VARCHAR	false			8.0,5.7			
b0ef4fff1fc272ad	mysql	table_constraints	enforced	VARCHAR	false			8.0			
206a441b7363b988	mysql	table_constraints	table_name	VARCHAR	false			8.0,5.7			
33a5ba8fff2e9ae8	mysql	table_constraints	table_schema	VARCHAR	false			8.0,5.7			
cfba5dd79fd1e07e	mysql	table_constraints_extensions	constraint_catalog	VARCHAR	false			8.0			
884ca7cc33fa4927	mysql	table_constraints_extensions	constraint_name	VARCHAR	false			8.0			
0340106fe820b296	mysql	table_constraints_extensions	constraint_schema	VARCHAR	false			8.0			
a24f778ec78979e3	mysql	table_constraints_extensions	engine_attribute	JSON	true			8.0			
ce31b4ce113f4e3c	mysql	table_constraints_extensions	secondary_engine_attribute	JSON	true			8.0			
272cdb947d214739	mysql	table_constraints_extensions	table_name	VARCHAR	false			8.0			
7c445e8fe08feb06	mysql	table_privileges	grantee	VARCHAR	false			8.0,5.7			
12dcef4ad0831f36	mysql	table_privileges	is_grantable	VARCHAR	false			8.0,5.7			
caa7b1ccdd72b5d8	mysql	table_privileges	privilege_type	VARCHAR	false			8.0,5.7			
a6e09b3e12df7da2	mysql	table_privileges	table_catalog	VARCHAR	false			8.0,5.7			
6ed2adb227b0b915	mysql	table_privileges	table_name	VARCHAR	false			8.0,5.7			
22b8b6b1f9efce33	mysql	table_privileges	table_schema	VARCHAR	false			8.0,5.7			
061eb79ef2dd0507	mysql	tables	auto_increment	BIGINT	true			8.0,5.7			
56c9aedef8651139	mysql	tables	avg_row_length	BIGINT	true			8.0,5.7			
a7803f264fa15ce0	mysql	tables	check_time	DATETIME	true			8.0,5.7			
aed0f617ffd3d26a	mysql	tables	checksum	BIGINT	true			8.0,5.7			
7e188ca1ed87541c	mysql	tables	create_options	VARCHAR	true			8.0,5.7			
92e00f8642916e33	mysql	tables	create_time	TIMESTAMP	false			8.0			
d998a51a3e13c900	mysql	tables	create_time	DATETIME	true			5.7			
96db072387f00cab	mysql	tables	data_free	BIGINT	true			8.0,5.7			
f887d48e8920b7bf	mysql	tables	data_length	BIGINT	true			8.0,5.7			
f2737b24a3ecc068	mysql	tables	engine	VARCHAR	true			8.0,5.7			
01712920efb666d4	mysql	tables	index_length	BIGINT	true			8.0,5.7			
6536fbefe7e0bbdb	mysql	tables	max_data_length	BIGINT	true			8.0,5.7			
b97cd4cc92293ebc	mysql	tables	row_format	ENUM	true			8.0,5.7			
2689135eec483ef4	mysql	tables	table_catalog	VARCHAR	false			8.0,5.7			
23537118e1bae5ed	mysql	tables	table_collation	VARCHAR	true			8.0,5.7			
0d2b7a4214120207	mysql	tables	table_comment	VARCHAR	false			5.7			
6216fc5b6dc808c9	mysql	tables	table_comment	TEXT	true			8.0			
3766ecc9d8935f04	mysql	tables	table_name	VARCHAR	false			8.0,5.7			
a6873efaca9d6f02	mysql	tables	table_rows	BIGINT	true			8.0,5.7			
89bd6bfb30060824	mysql	tables	table_schema	VARCHAR	false			8.0,5.7			
d1e2d121df3a6503	mysql	tables	table_type	ENUM	false			8.0,5.7			
4bfad06c75f666c1	mysql	tables	update_time	DATETIME	true			8.0,5.7			
b70a2611432a59c6	mysql	tables	version	BIGINT	true			5.7,8.0			
e27e1da353d40c46	mysql	tables_extensions	engine_attribute	JSON	true			8.0			
016811c44d451ee1	mysql	tables_extensions	secondary_engine_attribute	JSON	true			8.0			
ce650a4426907fba	mysql	tables_extensions	table_catalog	VARCHAR	false			8.0			
8775eb633b6cd44f	mysql	tables_extensions	table_name	VARCHAR	false			8.0			
37c3934a1f75dfe5	mysql	tables_extensions	table_schema	VARCHAR	false			8.0			
5c46e8342b2301eb	mysql	tablespaces	autoextend_size	BIGINT	true			8.0,5.7			
73968abed1e117fd	mysql	tablespaces	engine	VARCHAR	false			8.0,5.7			
c4c6687d715a244c	mysql	tablespaces	extent_size	BIGINT	true			8.0,5.7			
671067c07026b580	mysql	tablespaces	logfile_group_name	VARCHAR	true			8.0,5.7			
a2c92bd5ea94bc7a	mysql	tablespaces	maximum_size	BIGINT	true			8.0,5.7			
6f226185acf177ff	mysql	tablespaces	nodegroup_id	BIGINT	true			8.0,5.7			
11e44103197aa9e8	mysql	tablespaces	tablespace_comment	VARCHAR	true			8.0,5.7			
fb9f6f5d3c95a035	mysql	tablespaces	tablespace_name	VARCHAR	false			8.0,5.7			
180ada95adb5976c	mysql	tablespaces	tablespace_type	VARCHAR	true			8.0,5.7			
85fdff8aae95dc04	mysql	tablespaces_extensions	engine_attribute	JSON	true			8.0			
2c5d21c912127b49	mysql	tablespaces_extensions	tablespace_name	VARCHAR	false			8.0			
f3ae933f076f466b	mysql	triggers	action_condition	BINARY	true			8.0,5.7			
95b7389a553c61ee	mysql	triggers	action_order	BIGINT	false			5.7,8.0			
147b369193ed045a	mysql	triggers	action_orientation	VARCHAR	false			8.0,5.7			
682894aa26b2dc63	mysql	triggers	action_reference_new_row	VARCHAR	false			8.0,5.7			
d3d2fea2d425f9dc	mysql	triggers	action_reference_new_table	BINARY	true			8.0,5.7			
e612a7e94126a023	mysql	triggers	action_reference_old_row	VARCHAR	false			8.0,5.7			
ecb22f8905c6b432	mysql	triggers	action_reference_old_table	BINARY	true			8.0,5.7			
ab65de03c553893a	mysql	triggers	action_statement	LONGTEXT	false			8.0,5.7			
687b8d4f83d0e6e2	mysql	triggers	action_timing	ENUM	false			8.0,5.7			
b5a07305f489acaa	mysql	triggers	character_set_client	VARCHAR	false			8.0,5.7			
282956b83cf5e07e	mysql	triggers	collation_connection	VARCHAR	false			8.0,5.7			
1329f0d354db6725	mysql	triggers	created	TIMESTAMP	false			8.0			
e30346dcadf786e0	mysql	triggers	created	DATETIME	true			5.7			
197e84137ebf6798	mysql	triggers	database_collation	VARCHAR	false			8.0,5.7			
7a06106e40788621	mysql	triggers	definer	VARCHAR	false			8.0,5.7			
a30a7bba134f9ae2	mysql	triggers	event_manipulation	ENUM	false			8.0,5.7			
61dc33029ad72ab7	mysql	triggers	event_object_catalog	VARCHAR	false			8.0,5.7			
e4dce7be65c399e4	mysql	triggers	event_object_schema	VARCHAR	false			8.0,5.7			
01a77977ea202fdc	mysql	triggers	event_object_table	VARCHAR	false			8.0,5.7			
d80c2598d0c9d454	mysql	triggers	sql_mode	SET	false			8.0,5.7			
7f4640f1964c993b	mysql	triggers	trigger_catalog	VARCHAR	false			8.0,5.7			
1b2ecc85a901a459	mysql	triggers	trigger_name	VARCHAR	false			8.0,5.7			
9d9980328d06c09a	mysql	triggers	trigger_schema	VARCHAR	false			8.0,5.7			
c46f99ffbca44a43	mysql	user_attributes	attribute	LONGTEXT	true			8.0			
56ecdc2c0a501b4e	mysql	user_attributes	host	CHAR	false			8.0			
bd96f274c2f29afa	mysql	user_attributes	user	CHAR	false			8.0			
7e53a361e633328f	mysql	user_privileges	grantee	VARCHAR	false			8.0,5.7			
ceb7c53dbb1762e7	mysql	user_privileges	is_grantable	VARCHAR	false			8.0,5.7			
ad4165e53a782bbb	mysql	user_privileges	privilege_type	VARCHAR	false			8.0,5.7			
9fc72703228978d5	mysql	user_privileges	table_catalog	VARCHAR	false			8.0,5.7			
caa61c7f7e3d1f40	mysql	view_routine_usage	specific_catalog	VARCHAR	false			8.0			
60ac1eac4b015750	mysql	view_routine_usage	specific_name	VARCHAR	false			8.0			
f1b3122d20e439b3	mysql	view_routine_usage	specific_schema	VARCHAR	false			8.0			
269d8bc32644bfcf	mysql	view_routine_usage	table_catalog	VARCHAR	false			8.0			
367c0159540c05de	mysql	view_routine_usage	table_name	VARCHAR	false			8.0			
e45bf6712bf3c224	mysql	view_routine_usage	table_schema	VARCHAR	false			8.0			
50305345853ed3e7	mysql	view_table_usage	table_catalog	VARCHAR	false			8.0			
fb50658de6285e40	mysql	view_table_usage	table_name	VARCHAR	false			8.0			
e7ce08572255f9b5	mysql	view_table_usage	table_schema	VARCHAR	false			8.0			
6ff08a0545052aa4	mysql	view_table_usage	view_catalog	VARCHAR	false			8.0			
bf0f9a7f28cc8c21	mysql	view_table_usage	view_name	VARCHAR	false			8.0			
d28048cd2b56c2a0	mysql	view_table_usage	view_schema	VARCHAR	false			8.0			
12b3b7f7d7e75ae9	mysql	views	character_set_client	VARCHAR	false			8.0,5.7			
41f850357ad862df	mysql	views	check_option	VARCHAR	false			5.7			
cb3a10079b6e5404	mysql	views	check_option	ENUM	true			8.0			
43470a8c0f582a0a	mysql	views	collation_connection	VARCHAR	false			8.0,5.7			
8364d15125e93b57	mysql	views	definer	VARCHAR	false			5.7			
2466b5de1a50112c	mysql	views	definer	VARCHAR	true			8.0			
9f0906c8561499c0	mysql	views	is_updatable	VARCHAR	false			5.7			
a2c8be1178fb4e3f	mysql	views	is_updatable	ENUM	true			8.0			
73dccb4209082510	mysql	views	security_type	VARCHAR	false			5.7			
8f22357df76eeb5d	mysql	views	security_type	VARCHAR	true			8.0			
1eae3747833ff7de	mysql	views	table_catalog	VARCHAR	false			8.0,5.7			
69d32cd0b7815360	mysql	views	table_name	VARCHAR	false			8.0,5.7			
1bb5da329c24dafa	mysql	views	table_schema	VARCHAR	false			8.0,5.7			
5db205e18d81f5c9	mysql	views	view_definition	LONGTEXT	false			5.7			
3d79c27b18a33f71	mysql	views	view_definition	LONGTEXT	true			8.0			
